<?xml version="1.0" encoding="UTF-8"?>
<!DOCTYPE mapper PUBLIC "-//mybatis.org//DTD Mapper 3.0//EN"
"http://mybatis.org/dtd/mybatis-3-mapper.dtd">

<mapper namespace="com.choongang.s202350103.AttJoinMapper">

	<select id="shAttJoinList" parameterType="AttJoin" resultType="AttJoin">
		Select * From att_join Where m_num = #{m_num} And a_num = #{a_num}
	</select>
	
	<select id="shSubDate" parameterType="AttJoin" resultType="int" >
		Select substr(a_par_pdate,7,2) day from att_join Where a_num = #{a_num} and m_num = #{m_num} Fetch fist 1 row only
	</select>
	
	<insert id="shStampAtt" parameterType="AttJoin">
		Insert into att_join Values (#{m_num},#{a_num},sysdate)
	</insert>
	
	<update id="shAttPoint" parameterType="AttJoin">
		Update member Set m_point = m_point + (Select a_point From attendance Where a_num = #{a_num}) Where m_num=#{m_num}
	</update>
	
	<select id="shAttChance" parameterType="AttJoin" resultType="int">
		Select count(*) a From att_join
    	Where a_num = #{a_num} And m_num = #{m_num}
    	And To_char(a_par_pdate, 'yyMMdd') = To_char(SYSDATE, 'yyMMdd')
	</select>
	
	<select id="shSearchAtt" parameterType="AttJoin" resultType="AttJoin">
		Select * From att_join
    	Where a_num = #{a_num} And m_num = #{m_num}
    	And To_char(a_par_pdate, 'yyMMdd') = To_char(SYSDATE, 'yyMMdd')
	</select>
	
	<insert id="shAttPointList" parameterType="AttJoin">
		Insert into point_list(p_num, a_num, m_num, a_par_pdate, p_list_type, m_point) 
		Values (pointlist_p_num_seq.nextval, #{a_num}, #{m_num}, #{a_par_pdate}, 2, 
			   (select a_point from attendance Where a_num = #{a_num}))
	</insert> 
	
	<select id="shAddAtt" parameterType="AttJoin" resultType="int">
		Select 
	    (Select count(*)
	     From att_join
	     Where m_num = 1001
	     And a_num = 60030
	     And to_date(a_par_pdate, 'yy-MM-dd') = trunc(sysdate)) +
	    
	    (Select count(*)
	     From att_join
	     Where m_num = 1001
	     And a_num = 60030
	     And to_date(a_par_pdate, 'yy-MM-dd') = trunc(sysdate) - 1) +
	    
	    (Select count(*)
	     From att_join
	     Where m_num = 1001
	     And a_num = 60030
	     And to_date(a_par_pdate, 'yy-MM-dd') = trunc(sysdate) - 2) As total_count
		From dual
	</select>
	
	<insert id="shStampAddAtt" parameterType="AttJoin">
		Insert Into att_join
		Values (#{m_num},#{a_num},sysdate)
	</insert>
	
	<update id="shSaveAddAtt" parameterType="AttJoin">
		Update member 
		Set m_point = m_point + (Select a_addpoint From attendance Where a_num=#{a_num}) 
		Where m_num = #{m_num}
	</update>
	
	<insert id="shSearchAddAtt" parameterType="AttJoin">
		Insert into point_list(p_num, m_num, a_num, a_par_pdate,p_list_type,m_point) 
		Values (pointlist_p_num_seq.nextval, #{a_num}, #{m_num},#{a_par_pdate},2,
			   (Select a_addPoint From attendance Where a_num=#{a_num}))
	</insert>
</mapper>